{"RN ten Doeschate":4,"J Yadav":4.142857142857143,"V Kohli":5.454545454545454,"R Ashwin":5.846153846153846,"S Nadeem":6.142857142857143,"Parvez Rasool":6.2,"MC Henriques":6.2781456953642385,"Z Khan":6.410958904109589,"MA Starc":6.767441860465116,"GB Hogg":6.857142857142857}